source,series,period,value
"Макконнелл К.Р., Брю С.Л. Экономикс, 2006","Валовой объем внутренних частных инвестиций, млрд долл. США",1929,16.5
"Макконнелл К.Р., Брю С.Л. Экономикс, 2006","Валовой объем внутренних частных инвестиций, млрд долл. США",1933,1.7
"Макконнелл К.Р., Брю С.Л. Экономикс, 2006","Валовой объем внутренних частных инвестиций, млрд долл. США",1939,9.3
"Макконнелл К.Р., Брю С.Л. Экономикс, 2006","Валовой объем внутренних частных инвестиций, млрд долл. США",1940,13.6
"Макконнелл К.Р., Брю С.Л. Экономикс, 2006","Валовой объем внутренних частных инвестиций, млрд долл. США",1942,10.4
"Макконнелл К.Р., Брю С.Л. Экономикс, 2006","Валовой объем внутренних частных инвестиций, млрд долл. США",1944,7.8
"Макконнелл К.Р., Брю С.Л. Экономикс, 2006","Валовой объем внутренних частных инвестиций, млрд долл. США",1946,31.1
"Макконнелл К.Р., Брю С.Л. Экономикс, 2006","Валовой объем внутренних частных инвестиций, млрд долл. США",1948,48.1
"Макконнелл К.Р., Брю С.Л. Экономикс, 2006","Валовой объем внутренних частных инвестиций, млрд долл. США",1950,54.1
"Макконнелл К.Р., Брю С.Л. Экономикс, 2006","Валовой объем внутренних частных инвестиций, млрд долл. США",1952,54.0
"Макконнелл К.Р., Брю С.Л. Экономикс, 2006","Валовой объем внутренних частных инвестиций, млрд долл. США",1954,53.8
"Макконнелл К.Р., Брю С.Л. Экономикс, 2006","Валовой объем внутренних частных инвестиций, млрд долл. США",1956,72.0
"Макконнелл К.Р., Брю С.Л. Экономикс, 2006","Валовой объем внутренних частных инвестиций, млрд долл. США",1958,64.5
"Макконнелл К.Р., Брю С.Л. Экономикс, 2006","Валовой объем внутренних частных инвестиций, млрд долл. США",1960,78.9
"Макконнелл К.Р., Брю С.Л. Экономикс, 2006","Валовой объем внутренних частных инвестиций, млрд долл. США",1962,88.1
"Макконнелл К.Р., Брю С.Л. Экономикс, 2006","Валовой объем внутренних частных инвестиций, млрд долл. США",1964,102.1
"Макконнелл К.Р., Брю С.Л. Экономикс, 2006","Валовой объем внутренних частных инвестиций, млрд долл. США",1966,131.3
"Макконнелл К.Р., Брю С.Л. Экономикс, 2006","Валовой объем внутренних частных инвестиций, млрд долл. США",1968,141.2
"Макконнелл К.Р., Брю С.Л. Экономикс, 2006","Валовой объем внутренних частных инвестиций, млрд долл. США",1970,152.4
"Макконнелл К.Р., Брю С.Л. Экономикс, 2006","Валовой объем внутренних частных инвестиций, млрд долл. США",1971,178.2
"Макконнелл К.Р., Брю С.Л. Экономикс, 2006","Валовой объем внутренних частных инвестиций, млрд долл. США",1972,207.6
"Макконнелл К.Р., Брю С.Л. Экономикс, 2006","Валовой объем внутренних частных инвестиций, млрд долл. США",1973,244.5
"Макконнелл К.Р., Брю С.Л. Экономикс, 2006","Валовой объем внутренних частных инвестиций, млрд долл. США",1974,249.4
"Макконнелл К.Р., Брю С.Л. Экономикс, 2006","Валовой объем внутренних частных инвестиций, млрд долл. США",1975,230.2
"Макконнелл К.Р., Брю С.Л. Экономикс, 2006","Валовой объем внутренних частных инвестиций, млрд долл. США",1976,292.0
"Макконнелл К.Р., Брю С.Л. Экономикс, 2006","Валовой объем внутренних частных инвестиций, млрд долл. США",1977,361.3
"Макконнелл К.Р., Брю С.Л. Экономикс, 2006","Валовой объем внутренних частных инвестиций, млрд долл. США",1978,436.0
"Макконнелл К.Р., Брю С.Л. Экономикс, 2006","Валовой объем внутренних частных инвестиций, млрд долл. США",1979,490.6
"Макконнелл К.Р., Брю С.Л. Экономикс, 2006","Валовой объем внутренних частных инвестиций, млрд долл. США",1980,477.9
"Макконнелл К.Р., Брю С.Л. Экономикс, 2006","Валовой объем внутренних частных инвестиций, млрд долл. США",1981,570.8
"Макконнелл К.Р., Брю С.Л. Экономикс, 2006","Валовой объем внутренних частных инвестиций, млрд долл. США",1982,516.1
"Макконнелл К.Р., Брю С.Л. Экономикс, 2006","Валовой объем внутренних частных инвестиций, млрд долл. США",1983,564.2
"Макконнелл К.Р., Брю С.Л. Экономикс, 2006","Валовой объем внутренних частных инвестиций, млрд долл. США",1984,735.5
"Макконнелл К.Р., Брю С.Л. Экономикс, 2006","Валовой объем внутренних частных инвестиций, млрд долл. США",1985,736.3
"Макконнелл К.Р., Брю С.Л. Экономикс, 2006","Валовой объем внутренних частных инвестиций, млрд долл. США",1986,747.2
"Макконнелл К.Р., Брю С.Л. Экономикс, 2006","Валовой объем внутренних частных инвестиций, млрд долл. США",1987,781.5
"Макконнелл К.Р., Брю С.Л. Экономикс, 2006","Валовой объем внутренних частных инвестиций, млрд долл. США",1988,821.1
"Макконнелл К.Р., Брю С.Л. Экономикс, 2006","Валовой объем внутренних частных инвестиций, млрд долл. США",1989,872.9
"Макконнелл К.Р., Брю С.Л. Экономикс, 2006","Валовой объем внутренних частных инвестиций, млрд долл. США",1990,861.7
"Макконнелл К.Р., Брю С.Л. Экономикс, 2006","Валовой объем внутренних частных инвестиций, млрд долл. США",1991,800.2
"Макконнелл К.Р., Брю С.Л. Экономикс, 2006","Валовой объем внутренних частных инвестиций, млрд долл. США",1992,866.6
"Макконнелл К.Р., Брю С.Л. Экономикс, 2006","Валовой объем внутренних частных инвестиций, млрд долл. США",1993,955.1
"Макконнелл К.Р., Брю С.Л. Экономикс, 2006","Валовой объем внутренних частных инвестиций, млрд долл. США",1994,1097.1
"Макконнелл К.Р., Брю С.Л. Экономикс, 2006","Валовой объем внутренних частных инвестиций, млрд долл. США",1995,1143.8
"Макконнелл К.Р., Брю С.Л. Экономикс, 2006","Валовой объем внутренних частных инвестиций, млрд долл. США",1996,1242.7
"Макконнелл К.Р., Брю С.Л. Экономикс, 2006","Валовой объем внутренних частных инвестиций, млрд долл. США",1997,1390.5
"Макконнелл К.Р., Брю С.Л. Экономикс, 2006","Валовой объем внутренних частных инвестиций, млрд долл. США",1998,1538.7
"Макконнелл К.Р., Брю С.Л. Экономикс, 2006","Валовой объем внутренних частных инвестиций, млрд долл. США",1999,1636.7
"Макконнелл К.Р., Брю С.Л. Экономикс, 2006","Валовой объем внутренних частных инвестиций, млрд долл. США",2000,1755.4
"Макконнелл К.Р., Брю С.Л. Экономикс, 2006","Валовой объем внутренних частных инвестиций, млрд долл. США",2001,1586.0
"Макконнелл К.Р., Брю С.Л. Экономикс, 2006","Валовой объем внутренних частных инвестиций, млрд долл. США",2002,1593.2
"Макконнелл К.Р., Брю С.Л. Экономикс, 2006","Валовой внутренний продукт, млрд долл. США",1929,103.7
"Макконнелл К.Р., Брю С.Л. Экономикс, 2006","Валовой внутренний продукт, млрд долл. США",1933,56.4
"Макконнелл К.Р., Брю С.Л. Экономикс, 2006","Валовой внутренний продукт, млрд долл. США",1939,92.0
"Макконнелл К.Р., Брю С.Л. Экономикс, 2006","Валовой внутренний продукт, млрд долл. США",1940,101.3
"Макконнелл К.Р., Брю С.Л. Экономикс, 2006","Валовой внутренний продукт, млрд долл. США",1942,161.8
"Макконнелл К.Р., Брю С.Л. Экономикс, 2006","Валовой внутренний продукт, млрд долл. США",1944,219.7
"Макконнелл К.Р., Брю С.Л. Экономикс, 2006","Валовой внутренний продукт, млрд долл. США",1946,222.3
"Макконнелл К.Р., Брю С.Л. Экономикс, 2006","Валовой внутренний продукт, млрд долл. США",1948,269.6
"Макконнелл К.Р., Брю С.Л. Экономикс, 2006","Валовой внутренний продукт, млрд долл. США",1950,294.3
"Макконнелл К.Р., Брю С.Л. Экономикс, 2006","Валовой внутренний продукт, млрд долл. США",1952,358.6
"Макконнелл К.Р., Брю С.Л. Экономикс, 2006","Валовой внутренний продукт, млрд долл. США",1954,381.1
"Макконнелл К.Р., Брю С.Л. Экономикс, 2006","Валовой внутренний продукт, млрд долл. США",1956,438.0
"Макконнелл К.Р., Брю С.Л. Экономикс, 2006","Валовой внутренний продукт, млрд долл. США",1958,467.9
"Макконнелл К.Р., Брю С.Л. Экономикс, 2006","Валовой внутренний продукт, млрд долл. США",1960,527.4
"Макконнелл К.Р., Брю С.Л. Экономикс, 2006","Валовой внутренний продукт, млрд долл. США",1962,586.5
"Макконнелл К.Р., Брю С.Л. Экономикс, 2006","Валовой внутренний продукт, млрд долл. США",1964,664.4
"Макконнелл К.Р., Брю С.Л. Экономикс, 2006","Валовой внутренний продукт, млрд долл. США",1966,789.3
"Макконнелл К.Р., Брю С.Л. Экономикс, 2006","Валовой внутренний продукт, млрд долл. США",1968,911.5
"Макконнелл К.Р., Брю С.Л. Экономикс, 2006","Валовой внутренний продукт, млрд долл. США",1970,1039.7
"Макконнелл К.Р., Брю С.Л. Экономикс, 2006","Валовой внутренний продукт, млрд долл. США",1971,1128.6
"Макконнелл К.Р., Брю С.Л. Экономикс, 2006","Валовой внутренний продукт, млрд долл. США",1972,1240.4
"Макконнелл К.Р., Брю С.Л. Экономикс, 2006","Валовой внутренний продукт, млрд долл. США",1973,1385.5
"Макконнелл К.Р., Брю С.Л. Экономикс, 2006","Валовой внутренний продукт, млрд долл. США",1974,1501.0
"Макконнелл К.Р., Брю С.Л. Экономикс, 2006","Валовой внутренний продукт, млрд долл. США",1975,1635.2
"Макконнелл К.Р., Брю С.Л. Экономикс, 2006","Валовой внутренний продукт, млрд долл. США",1976,1823.9
"Макконнелл К.Р., Брю С.Л. Экономикс, 2006","Валовой внутренний продукт, млрд долл. США",1977,2031.4
"Макконнелл К.Р., Брю С.Л. Экономикс, 2006","Валовой внутренний продукт, млрд долл. США",1978,2295.9
"Макконнелл К.Р., Брю С.Л. Экономикс, 2006","Валовой внутренний продукт, млрд долл. США",1979,2566.4
"Макконнелл К.Р., Брю С.Л. Экономикс, 2006","Валовой внутренний продукт, млрд долл. США",1980,2795.6
"Макконнелл К.Р., Брю С.Л. Экономикс, 2006","Валовой внутренний продукт, млрд долл. США",1981,3131.3
"Макконнелл К.Р., Брю С.Л. Экономикс, 2006","Валовой внутренний продукт, млрд долл. США",1982,3259.2
"Макконнелл К.Р., Брю С.Л. Экономикс, 2006","Валовой внутренний продукт, млрд долл. США",1983,3534.9
"Макконнелл К.Р., Брю С.Л. Экономикс, 2006","Валовой внутренний продукт, млрд долл. США",1984,3932.7
"Макконнелл К.Р., Брю С.Л. Экономикс, 2006","Валовой внутренний продукт, млрд долл. США",1985,4213.0
"Макконнелл К.Р., Брю С.Л. Экономикс, 2006","Валовой внутренний продукт, млрд долл. США",1986,4452.9
"Макконнелл К.Р., Брю С.Л. Экономикс, 2006","Валовой внутренний продукт, млрд долл. США",1987,4742.5
"Макконнелл К.Р., Брю С.Л. Экономикс, 2006","Валовой внутренний продукт, млрд долл. США",1988,5108.3
"Макконнелл К.Р., Брю С.Л. Экономикс, 2006","Валовой внутренний продукт, млрд долл. США",1989,5489.1
"Макконнелл К.Р., Брю С.Л. Экономикс, 2006","Валовой внутренний продукт, млрд долл. США",1990,5803.2
"Макконнелл К.Р., Брю С.Л. Экономикс, 2006","Валовой внутренний продукт, млрд долл. США",1991,5986.2
"Макконнелл К.Р., Брю С.Л. Экономикс, 2006","Валовой внутренний продукт, млрд долл. США",1992,6318.9
"Макконнелл К.Р., Брю С.Л. Экономикс, 2006","Валовой внутренний продукт, млрд долл. США",1993,6642.3
"Макконнелл К.Р., Брю С.Л. Экономикс, 2006","Валовой внутренний продукт, млрд долл. США",1994,7054.3
"Макконнелл К.Р., Брю С.Л. Экономикс, 2006","Валовой внутренний продукт, млрд долл. США",1995,7400.5
"Макконнелл К.Р., Брю С.Л. Экономикс, 2006","Валовой внутренний продукт, млрд долл. США",1996,7813.2
"Макконнелл К.Р., Брю С.Л. Экономикс, 2006","Валовой внутренний продукт, млрд долл. США",1997,8318.4
"Макконнелл К.Р., Брю С.Л. Экономикс, 2006","Валовой внутренний продукт, млрд долл. США",1998,8781.5
"Макконнелл К.Р., Брю С.Л. Экономикс, 2006","Валовой внутренний продукт, млрд долл. США",1999,9274.3
"Макконнелл К.Р., Брю С.Л. Экономикс, 2006","Валовой внутренний продукт, млрд долл. США",2000,9824.6
"Макконнелл К.Р., Брю С.Л. Экономикс, 2006","Валовой внутренний продукт, млрд долл. США",2001,10082.2
"Макконнелл К.Р., Брю С.Л. Экономикс, 2006","Валовой внутренний продукт, млрд долл. США",2002,10446.2
"Макконнелл К.Р., Брю С.Л. Экономикс, 2006","Национальный доход, млрд долл. США",1929,86.8
"Макконнелл К.Р., Брю С.Л. Экономикс, 2006","Национальный доход, млрд долл. США",1933,41.4
"Макконнелл К.Р., Брю С.Л. Экономикс, 2006","Национальный доход, млрд долл. США",1939,72.9
"Макконнелл К.Р., Брю С.Л. Экономикс, 2006","Национальный доход, млрд долл. США",1940,81.1
"Макконнелл К.Р., Брю С.Л. Экономикс, 2006","Национальный доход, млрд долл. США",1942,137.6
"Макконнелл К.Р., Брю С.Л. Экономикс, 2006","Национальный доход, млрд долл. США",1944,184.3
"Макконнелл К.Р., Брю С.Л. Экономикс, 2006","Национальный доход, млрд долл. США",1946,182.3
"Макконнелл К.Р., Брю С.Л. Экономикс, 2006","Национальный доход, млрд долл. США",1948,223.3
"Макконнелл К.Р., Брю С.Л. Экономикс, 2006","Национальный доход, млрд долл. США",1950,241.0
"Макконнелл К.Р., Брю С.Л. Экономикс, 2006","Национальный доход, млрд долл. США",1952,293.3
"Макконнелл К.Р., Брю С.Л. Экономикс, 2006","Национальный доход, млрд долл. США",1954,308.4
"Макконнелл К.Р., Брю С.Л. Экономикс, 2006","Национальный доход, млрд долл. США",1956,358.7
"Макконнелл К.Р., Брю С.Л. Экономикс, 2006","Национальный доход, млрд долл. США",1958,377.3
"Макконнелл К.Р., Брю С.Л. Экономикс, 2006","Национальный доход, млрд долл. США",1960,427.5
"Макконнелл К.Р., Брю С.Л. Экономикс, 2006","Национальный доход, млрд долл. США",1962,477.1
"Макконнелл К.Р., Брю С.Л. Экономикс, 2006","Национальный доход, млрд долл. США",1964,542.1
"Макконнелл К.Р., Брю С.Л. Экономикс, 2006","Национальный доход, млрд долл. США",1966,646.7
"Макконнелл К.Р., Брю С.Л. Экономикс, 2006","Национальный доход, млрд долл. США",1968,743.6
"Макконнелл К.Р., Брю С.Л. Экономикс, 2006","Национальный доход, млрд долл. США",1970,837.5
"Макконнелл К.Р., Брю С.Л. Экономикс, 2006","Национальный доход, млрд долл. США",1971,903.9
"Макконнелл К.Р., Брю С.Л. Экономикс, 2006","Национальный доход, млрд долл. США",1972,1000.4
"Макконнелл К.Р., Брю С.Л. Экономикс, 2006","Национальный доход, млрд долл. США",1973,1127.4
"Макконнелл К.Р., Брю С.Л. Экономикс, 2006","Национальный доход, млрд долл. США",1974,1211.9
"Макконнелл К.Р., Брю С.Л. Экономикс, 2006","Национальный доход, млрд долл. США",1975,1302.2
"Макконнелл К.Р., Брю С.Л. Экономикс, 2006","Национальный доход, млрд долл. США",1976,1456.4
"Макконнелл К.Р., Брю С.Л. Экономикс, 2006","Национальный доход, млрд долл. США",1977,1635.8
"Макконнелл К.Р., Брю С.Л. Экономикс, 2006","Национальный доход, млрд долл. США",1978,1860.2
"Макконнелл К.Р., Брю С.Л. Экономикс, 2006","Национальный доход, млрд долл. США",1979,2075.6
"Макконнелл К.Р., Брю С.Л. Экономикс, 2006","Национальный доход, млрд долл. США",1980,2243.0
"Макконнелл К.Р., Брю С.Л. Экономикс, 2006","Национальный доход, млрд долл. США",1981,2497.1
"Макконнелл К.Р., Брю С.Л. Экономикс, 2006","Национальный доход, млрд долл. США",1982,2603.0
"Макконнелл К.Р., Брю С.Л. Экономикс, 2006","Национальный доход, млрд долл. США",1983,2796.5
"Макконнелл К.Р., Брю С.Л. Экономикс, 2006","Национальный доход, млрд долл. США",1984,3162.3
"Макконнелл К.Р., Брю С.Л. Экономикс, 2006","Национальный доход, млрд долл. США",1985,3380.4
"Макконнелл К.Р., Брю С.Л. Экономикс, 2006","Национальный доход, млрд долл. США",1986,3525.8
"Макконнелл К.Р., Брю С.Л. Экономикс, 2006","Национальный доход, млрд долл. США",1987,3803.4
"Макконнелл К.Р., Брю С.Л. Экономикс, 2006","Национальный доход, млрд долл. США",1988,4151.1
"Макконнелл К.Р., Брю С.Л. Экономикс, 2006","Национальный доход, млрд долл. США",1989,4392.1
"Макконнелл К.Р., Брю С.Л. Экономикс, 2006","Национальный доход, млрд долл. США",1990,4642.1
"Макконнелл К.Р., Брю С.Л. Экономикс, 2006","Национальный доход, млрд долл. США",1991,4756.6
"Макконнелл К.Р., Брю С.Л. Экономикс, 2006","Национальный доход, млрд долл. США",1992,4994.9
"Макконнелл К.Р., Брю С.Л. Экономикс, 2006","Национальный доход, млрд долл. США",1993,5251.9
"Макконнелл К.Р., Брю С.Л. Экономикс, 2006","Национальный доход, млрд долл. США",1994,5556.8
"Макконнелл К.Р., Брю С.Л. Экономикс, 2006","Национальный доход, млрд долл. США",1995,5876.7
"Макконнелл К.Р., Брю С.Л. Экономикс, 2006","Национальный доход, млрд долл. США",1996,6210.4
"Макконнелл К.Р., Брю С.Л. Экономикс, 2006","Национальный доход, млрд долл. США",1997,6618.4
"Макконнелл К.Р., Брю С.Л. Экономикс, 2006","Национальный доход, млрд долл. США",1998,7041.4
"Макконнелл К.Р., Брю С.Л. Экономикс, 2006","Национальный доход, млрд долл. США",1999,7468.7
"Макконнелл К.Р., Брю С.Л. Экономикс, 2006","Национальный доход, млрд долл. США",2000,7984.4
"Макконнелл К.Р., Брю С.Л. Экономикс, 2006","Национальный доход, млрд долл. США",2001,8122.0
"Макконнелл К.Р., Брю С.Л. Экономикс, 2006","Национальный доход, млрд долл. США",2002,8340.1
"Макконнелл К.Р., Брю С.Л. Экономикс, 2006","Уровень инфляции, %",1929,0.0
"Макконнелл К.Р., Брю С.Л. Экономикс, 2006","Уровень инфляции, %",1933,-5.1
"Макконнелл К.Р., Брю С.Л. Экономикс, 2006","Уровень инфляции, %",1939,-1.4
"Макконнелл К.Р., Брю С.Л. Экономикс, 2006","Уровень инфляции, %",1940,0.7
"Макконнелл К.Р., Брю С.Л. Экономикс, 2006","Уровень инфляции, %",1942,10.9
"Макконнелл К.Р., Брю С.Л. Экономикс, 2006","Уровень инфляции, %",1944,1.7
"Макконнелл К.Р., Брю С.Л. Экономикс, 2006","Уровень инфляции, %",1946,8.3
"Макконнелл К.Р., Брю С.Л. Экономикс, 2006","Уровень инфляции, %",1948,8.1
"Макконнелл К.Р., Брю С.Л. Экономикс, 2006","Уровень инфляции, %",1950,1.3
"Макконнелл К.Р., Брю С.Л. Экономикс, 2006","Уровень инфляции, %",1952,1.9
"Макконнелл К.Р., Брю С.Л. Экономикс, 2006","Уровень инфляции, %",1954,0.7
"Макконнелл К.Р., Брю С.Л. Экономикс, 2006","Уровень инфляции, %",1956,1.5
"Макконнелл К.Р., Брю С.Л. Экономикс, 2006","Уровень инфляции, %",1958,2.8
"Макконнелл К.Р., Брю С.Л. Экономикс, 2006","Уровень инфляции, %",1960,1.7
"Макконнелл К.Р., Брю С.Л. Экономикс, 2006","Уровень инфляции, %",1962,1.0
"Макконнелл К.Р., Брю С.Л. Экономикс, 2006","Уровень инфляции, %",1964,1.3
"Макконнелл К.Р., Брю С.Л. Экономикс, 2006","Уровень инфляции, %",1966,2.9
"Макконнелл К.Р., Брю С.Л. Экономикс, 2006","Уровень инфляции, %",1968,4.2
"Макконнелл К.Р., Брю С.Л. Экономикс, 2006","Уровень инфляции, %",1970,5.7
"Макконнелл К.Р., Брю С.Л. Экономикс, 2006","Уровень инфляции, %",1971,4.4
"Макконнелл К.Р., Брю С.Л. Экономикс, 2006","Уровень инфляции, %",1972,3.2
"Макконнелл К.Р., Брю С.Л. Экономикс, 2006","Уровень инфляции, %",1973,6.2
"Макконнелл К.Р., Брю С.Л. Экономикс, 2006","Уровень инфляции, %",1974,11.0
"Макконнелл К.Р., Брю С.Л. Экономикс, 2006","Уровень инфляции, %",1975,9.1
"Макконнелл К.Р., Брю С.Л. Экономикс, 2006","Уровень инфляции, %",1976,5.8
"Макконнелл К.Р., Брю С.Л. Экономикс, 2006","Уровень инфляции, %",1977,6.5
"Макконнелл К.Р., Брю С.Л. Экономикс, 2006","Уровень инфляции, %",1978,7.6
"Макконнелл К.Р., Брю С.Л. Экономикс, 2006","Уровень инфляции, %",1979,11.3
"Макконнелл К.Р., Брю С.Л. Экономикс, 2006","Уровень инфляции, %",1980,13.5
"Макконнелл К.Р., Брю С.Л. Экономикс, 2006","Уровень инфляции, %",1981,10.3
"Макконнелл К.Р., Брю С.Л. Экономикс, 2006","Уровень инфляции, %",1982,6.2
"Макконнелл К.Р., Брю С.Л. Экономикс, 2006","Уровень инфляции, %",1983,3.2
"Макконнелл К.Р., Брю С.Л. Экономикс, 2006","Уровень инфляции, %",1984,4.3
"Макконнелл К.Р., Брю С.Л. Экономикс, 2006","Уровень инфляции, %",1985,3.6
"Макконнелл К.Р., Брю С.Л. Экономикс, 2006","Уровень инфляции, %",1986,1.9
"Макконнелл К.Р., Брю С.Л. Экономикс, 2006","Уровень инфляции, %",1987,3.6
"Макконнелл К.Р., Брю С.Л. Экономикс, 2006","Уровень инфляции, %",1988,4.1
"Макконнелл К.Р., Брю С.Л. Экономикс, 2006","Уровень инфляции, %",1989,4.8
"Макконнелл К.Р., Брю С.Л. Экономикс, 2006","Уровень инфляции, %",1990,5.4
"Макконнелл К.Р., Брю С.Л. Экономикс, 2006","Уровень инфляции, %",1991,4.2
"Макконнелл К.Р., Брю С.Л. Экономикс, 2006","Уровень инфляции, %",1992,3.0
"Макконнелл К.Р., Брю С.Л. Экономикс, 2006","Уровень инфляции, %",1993,3.0
"Макконнелл К.Р., Брю С.Л. Экономикс, 2006","Уровень инфляции, %",1994,2.6
"Макконнелл К.Р., Брю С.Л. Экономикс, 2006","Уровень инфляции, %",1995,2.8
"Макконнелл К.Р., Брю С.Л. Экономикс, 2006","Уровень инфляции, %",1996,3.0
"Макконнелл К.Р., Брю С.Л. Экономикс, 2006","Уровень инфляции, %",1997,2.3
"Макконнелл К.Р., Брю С.Л. Экономикс, 2006","Уровень инфляции, %",1998,1.6
"Макконнелл К.Р., Брю С.Л. Экономикс, 2006","Уровень инфляции, %",1999,2.2
"Макконнелл К.Р., Брю С.Л. Экономикс, 2006","Уровень инфляции, %",2000,3.4
"Макконнелл К.Р., Брю С.Л. Экономикс, 2006","Уровень инфляции, %",2001,2.8
"Макконнелл К.Р., Брю С.Л. Экономикс, 2006","Уровень инфляции, %",2002,1.6
"Макконнелл К.Р., Брю С.Л. Экономикс, 2006","Предложение денег, М1, млрд долл. США",1929,26.6
"Макконнелл К.Р., Брю С.Л. Экономикс, 2006","Предложение денег, М1, млрд долл. США",1933,19.9
"Макконнелл К.Р., Брю С.Л. Экономикс, 2006","Предложение денег, М1, млрд долл. США",1939,34.2
"Макконнелл К.Р., Брю С.Л. Экономикс, 2006","Предложение денег, М1, млрд долл. США",1940,39.7
"Макконнелл К.Р., Брю С.Л. Экономикс, 2006","Предложение денег, М1, млрд долл. США",1942,55.4
"Макконнелл К.Р., Брю С.Л. Экономикс, 2006","Предложение денег, М1, млрд долл. США",1944,65.3
"Макконнелл К.Р., Брю С.Л. Экономикс, 2006","Предложение денег, М1, млрд долл. США",1946,106.5
"Макконнелл К.Р., Брю С.Л. Экономикс, 2006","Предложение денег, М1, млрд долл. США",1948,112.3
"Макконнелл К.Р., Брю С.Л. Экономикс, 2006","Предложение денег, М1, млрд долл. США",1950,114.1
"Макконнелл К.Р., Брю С.Л. Экономикс, 2006","Предложение денег, М1, млрд долл. США",1952,125.2
"Макконнелл К.Р., Брю С.Л. Экономикс, 2006","Предложение денег, М1, млрд долл. США",1954,130.3
"Макконнелл К.Р., Брю С.Л. Экономикс, 2006","Предложение денег, М1, млрд долл. США",1956,136.0
"Макконнелл К.Р., Брю С.Л. Экономикс, 2006","Предложение денег, М1, млрд долл. США",1958,138.4
"Макконнелл К.Р., Брю С.Л. Экономикс, 2006","Предложение денег, М1, млрд долл. США",1960,140.7
"Макконнелл К.Р., Брю С.Л. Экономикс, 2006","Предложение денег, М1, млрд долл. США",1962,147.8
"Макконнелл К.Р., Брю С.Л. Экономикс, 2006","Предложение денег, М1, млрд долл. США",1964,160.3
"Макконнелл К.Р., Брю С.Л. Экономикс, 2006","Предложение денег, М1, млрд долл. США",1966,172.0
"Макконнелл К.Р., Брю С.Л. Экономикс, 2006","Предложение денег, М1, млрд долл. США",1968,197.4
"Макконнелл К.Р., Брю С.Л. Экономикс, 2006","Предложение денег, М1, млрд долл. США",1970,214.3
"Макконнелл К.Р., Брю С.Л. Экономикс, 2006","Предложение денег, М1, млрд долл. США",1971,228.2
"Макконнелл К.Р., Брю С.Л. Экономикс, 2006","Предложение денег, М1, млрд долл. США",1972,249.1
"Макконнелл К.Р., Брю С.Л. Экономикс, 2006","Предложение денег, М1, млрд долл. США",1973,262.7
"Макконнелл К.Р., Брю С.Л. Экономикс, 2006","Предложение денег, М1, млрд долл. США",1974,274.0
"Макконнелл К.Р., Брю С.Л. Экономикс, 2006","Предложение денег, М1, млрд долл. США",1975,286.8
"Макконнелл К.Р., Брю С.Л. Экономикс, 2006","Предложение денег, М1, млрд долл. США",1976,305.9
"Макконнелл К.Р., Брю С.Л. Экономикс, 2006","Предложение денег, М1, млрд долл. США",1977,330.5
"Макконнелл К.Р., Брю С.Л. Экономикс, 2006","Предложение денег, М1, млрд долл. США",1978,356.9
"Макконнелл К.Р., Брю С.Л. Экономикс, 2006","Предложение денег, М1, млрд долл. США",1979,381.4
"Макконнелл К.Р., Брю С.Л. Экономикс, 2006","Предложение денег, М1, млрд долл. США",1980,408.1
"Макконнелл К.Р., Брю С.Л. Экономикс, 2006","Предложение денег, М1, млрд долл. США",1981,436.2
"Макконнелл К.Р., Брю С.Л. Экономикс, 2006","Предложение денег, М1, млрд долл. США",1982,474.3
"Макконнелл К.Р., Брю С.Л. Экономикс, 2006","Предложение денег, М1, млрд долл. США",1983,520.8
"Макконнелл К.Р., Брю С.Л. Экономикс, 2006","Предложение денег, М1, млрд долл. США",1984,551.2
"Макконнелл К.Р., Брю С.Л. Экономикс, 2006","Предложение денег, М1, млрд долл. США",1985,619.1
"Макконнелл К.Р., Брю С.Л. Экономикс, 2006","Предложение денег, М1, млрд долл. США",1986,724.0
"Макконнелл К.Р., Брю С.Л. Экономикс, 2006","Предложение денег, М1, млрд долл. США",1987,749.6
"Макконнелл К.Р., Брю С.Л. Экономикс, 2006","Предложение денег, М1, млрд долл. США",1988,786.3
"Макконнелл К.Р., Брю С.Л. Экономикс, 2006","Предложение денег, М1, млрд долл. США",1989,792.5
"Макконнелл К.Р., Брю С.Л. Экономикс, 2006","Предложение денег, М1, млрд долл. США",1990,824.4
"Макконнелл К.Р., Брю С.Л. Экономикс, 2006","Предложение денег, М1, млрд долл. США",1991,896.3
"Макконнелл К.Р., Брю С.Л. Экономикс, 2006","Предложение денег, М1, млрд долл. США",1992,1024.3
"Макконнелл К.Р., Брю С.Л. Экономикс, 2006","Предложение денег, М1, млрд долл. США",1993,1129.7
"Макконнелл К.Р., Брю С.Л. Экономикс, 2006","Предложение денег, М1, млрд долл. США",1994,1150.1
"Макконнелл К.Р., Брю С.Л. Экономикс, 2006","Предложение денег, М1, млрд долл. США",1995,1126.8
"Макконнелл К.Р., Брю С.Л. Экономикс, 2006","Предложение денег, М1, млрд долл. США",1996,1078.4
"Макконнелл К.Р., Брю С.Л. Экономикс, 2006","Предложение денег, М1, млрд долл. США",1997,1071.4
"Макконнелл К.Р., Брю С.Л. Экономикс, 2006","Предложение денег, М1, млрд долл. США",1998,1094.8
"Макконнелл К.Р., Брю С.Л. Экономикс, 2006","Предложение денег, М1, млрд долл. США",1999,1121.4
"Макконнелл К.Р., Брю С.Л. Экономикс, 2006","Предложение денег, М1, млрд долл. США",2000,1084.7
"Макконнелл К.Р., Брю С.Л. Экономикс, 2006","Предложение денег, М1, млрд долл. США",2001,1172.9
"Макконнелл К.Р., Брю С.Л. Экономикс, 2006","Предложение денег, М1, млрд долл. США",2002,1210.5
"Макконнелл К.Р., Брю С.Л. Экономикс, 2006","Ставка прайм-рейт, %",1929,5.5
"Макконнелл К.Р., Брю С.Л. Экономикс, 2006","Ставка прайм-рейт, %",1933,1.5
"Макконнелл К.Р., Брю С.Л. Экономикс, 2006","Ставка прайм-рейт, %",1939,1.5
"Макконнелл К.Р., Брю С.Л. Экономикс, 2006","Ставка прайм-рейт, %",1940,1.5
"Макконнелл К.Р., Брю С.Л. Экономикс, 2006","Ставка прайм-рейт, %",1942,1.5
"Макконнелл К.Р., Брю С.Л. Экономикс, 2006","Ставка прайм-рейт, %",1944,1.5
"Макконнелл К.Р., Брю С.Л. Экономикс, 2006","Ставка прайм-рейт, %",1946,1.5
"Макконнелл К.Р., Брю С.Л. Экономикс, 2006","Ставка прайм-рейт, %",1948,1.75
"Макконнелл К.Р., Брю С.Л. Экономикс, 2006","Ставка прайм-рейт, %",1950,2.07
"Макконнелл К.Р., Брю С.Л. Экономикс, 2006","Ставка прайм-рейт, %",1952,3.0
"Макконнелл К.Р., Брю С.Л. Экономикс, 2006","Ставка прайм-рейт, %",1954,3.05
"Макконнелл К.Р., Брю С.Л. Экономикс, 2006","Ставка прайм-рейт, %",1956,3.77
"Макконнелл К.Р., Брю С.Л. Экономикс, 2006","Ставка прайм-рейт, %",1958,3.83
"Макконнелл К.Р., Брю С.Л. Экономикс, 2006","Ставка прайм-рейт, %",1960,4.82
"Макконнелл К.Р., Брю С.Л. Экономикс, 2006","Ставка прайм-рейт, %",1962,4.5
"Макконнелл К.Р., Брю С.Л. Экономикс, 2006","Ставка прайм-рейт, %",1964,4.5
"Макконнелл К.Р., Брю С.Л. Экономикс, 2006","Ставка прайм-рейт, %",1966,5.63
"Макконнелл К.Р., Брю С.Л. Экономикс, 2006","Ставка прайм-рейт, %",1968,6.3
"Макконнелл К.Р., Брю С.Л. Экономикс, 2006","Ставка прайм-рейт, %",1970,7.91
"Макконнелл К.Р., Брю С.Л. Экономикс, 2006","Ставка прайм-рейт, %",1971,5.72
"Макконнелл К.Р., Брю С.Л. Экономикс, 2006","Ставка прайм-рейт, %",1972,5.25
"Макконнелл К.Р., Брю С.Л. Экономикс, 2006","Ставка прайм-рейт, %",1973,8.03
"Макконнелл К.Р., Брю С.Л. Экономикс, 2006","Ставка прайм-рейт, %",1974,10.81
"Макконнелл К.Р., Брю С.Л. Экономикс, 2006","Ставка прайм-рейт, %",1975,7.86
"Макконнелл К.Р., Брю С.Л. Экономикс, 2006","Ставка прайм-рейт, %",1976,6.84
"Макконнелл К.Р., Брю С.Л. Экономикс, 2006","Ставка прайм-рейт, %",1977,6.83
"Макконнелл К.Р., Брю С.Л. Экономикс, 2006","Ставка прайм-рейт, %",1978,9.06
"Макконнелл К.Р., Брю С.Л. Экономикс, 2006","Ставка прайм-рейт, %",1979,12.67
"Макконнелл К.Р., Брю С.Л. Экономикс, 2006","Ставка прайм-рейт, %",1980,15.27
"Макконнелл К.Р., Брю С.Л. Экономикс, 2006","Ставка прайм-рейт, %",1981,18.87
"Макконнелл К.Р., Брю С.Л. Экономикс, 2006","Ставка прайм-рейт, %",1982,14.86
"Макконнелл К.Р., Брю С.Л. Экономикс, 2006","Ставка прайм-рейт, %",1983,10.79
"Макконнелл К.Р., Брю С.Л. Экономикс, 2006","Ставка прайм-рейт, %",1984,12.04
"Макконнелл К.Р., Брю С.Л. Экономикс, 2006","Ставка прайм-рейт, %",1985,9.93
"Макконнелл К.Р., Брю С.Л. Экономикс, 2006","Ставка прайм-рейт, %",1986,8.33
"Макконнелл К.Р., Брю С.Л. Экономикс, 2006","Ставка прайм-рейт, %",1987,8.21
"Макконнелл К.Р., Брю С.Л. Экономикс, 2006","Ставка прайм-рейт, %",1988,9.32
"Макконнелл К.Р., Брю С.Л. Экономикс, 2006","Ставка прайм-рейт, %",1989,10.87
"Макконнелл К.Р., Брю С.Л. Экономикс, 2006","Ставка прайм-рейт, %",1990,10.01
"Макконнелл К.Р., Брю С.Л. Экономикс, 2006","Ставка прайм-рейт, %",1991,8.46
"Макконнелл К.Р., Брю С.Л. Экономикс, 2006","Ставка прайм-рейт, %",1992,6.25
"Макконнелл К.Р., Брю С.Л. Экономикс, 2006","Ставка прайм-рейт, %",1993,6.0
"Макконнелл К.Р., Брю С.Л. Экономикс, 2006","Ставка прайм-рейт, %",1994,7.15
"Макконнелл К.Р., Брю С.Л. Экономикс, 2006","Ставка прайм-рейт, %",1995,8.83
"Макконнелл К.Р., Брю С.Л. Экономикс, 2006","Ставка прайм-рейт, %",1996,8.27
"Макконнелл К.Р., Брю С.Л. Экономикс, 2006","Ставка прайм-рейт, %",1997,8.44
"Макконнелл К.Р., Брю С.Л. Экономикс, 2006","Ставка прайм-рейт, %",1998,8.35
"Макконнелл К.Р., Брю С.Л. Экономикс, 2006","Ставка прайм-рейт, %",1999,8.0
"Макконнелл К.Р., Брю С.Л. Экономикс, 2006","Ставка прайм-рейт, %",2000,9.23
"Макконнелл К.Р., Брю С.Л. Экономикс, 2006","Ставка прайм-рейт, %",2001,6.9
"Макконнелл К.Р., Брю С.Л. Экономикс, 2006","Ставка прайм-рейт, %",2002,4.7
